id_curriculo_componente;id_curriculo;id_componente_curricular;tipo_vinculo_componente;semestre_oferta
115629599;105755388;61099;OPTATIVO;0
123540297;105755388;25561;OPTATIVO;0
105757379;105755388;55047;OPTATIVO;0
112439165;105755388;55038;OPTATIVO;0
105759130;105755388;23558;OPTATIVO;0
112439167;105755388;52672;OPTATIVO;0
105757386;105755388;52796;OPTATIVO;0
115629592;105755388;61120;OPTATIVO;0
121664483;105755388;63935;OPTATIVO;0
105755439;105755388;55028;OBRIGATÓRIO;4
105757357;105755388;52683;OPTATIVO;0
115629591;105755388;61119;OPTATIVO;0
105757375;105755388;55044;OPTATIVO;0
105757365;105755388;52686;OPTATIVO;0
112439169;105755388;55084;OPTATIVO;0
105757371;105755388;55041;OPTATIVO;0
105755409;105755388;2054932;OPTATIVO;0
105755428;105755388;52665;OBRIGATÓRIO;2
115629583;105755388;61085;OPTATIVO;0
115628202;105755388;61132;OPTATIVO;0
105755415;105755388;2054955;OPTATIVO;0
105755424;105755388;52650;OBRIGATÓRIO;2
115629586;105755388;61093;OPTATIVO;0
105755444;105755388;52866;OBRIGATÓRIO;5
105757388;105755388;55036;OPTATIVO;0
105757352;105755388;55045;OPTATIVO;0
115815020;105755388;2054929;OPTATIVO;0
105759135;105755388;55370;OPTATIVO;0
105755390;105755388;26915;OPTATIVO;0
105757391;105755388;52996;OPTATIVO;0
105759844;105755388;21705;OPTATIVO;0
105755410;105755388;2054950;OPTATIVO;0
105755391;105755388;26916;OPTATIVO;0
105759843;105755388;26930;OPTATIVO;0
105755433;105755388;55029;OBRIGATÓRIO;3
105759145;105755388;26934;OPTATIVO;0
115629608;105755388;61108;OPTATIVO;0
111412616;105755388;57806;OPTATIVO;0
111412617;105755388;57807;OPTATIVO;0
115629588;105755388;61116;OPTATIVO;0
121428139;105755388;2054925;OPTATIVO;0
105755429;105755388;55023;OBRIGATÓRIO;3
105755425;105755388;52662;OBRIGATÓRIO;2
105757355;105755388;52693;OPTATIVO;0
115629585;105755388;61087;OPTATIVO;0
115629595;105755388;61095;OPTATIVO;0
105757383;105755388;52682;OPTATIVO;0
119252318;105755388;2054915;OPTATIVO;0
115629577;105755388;61112;OPTATIVO;0
105755403;105755388;2054918;OPTATIVO;0
105755431;105755388;52664;OBRIGATÓRIO;3
115629594;105755388;61122;OPTATIVO;0
105755443;105755388;52867;OBRIGATÓRIO;5
105757364;105755388;55054;OPTATIVO;0
105757381;105755388;55095;OPTATIVO;0
105755441;105755388;2054910;OBRIGATÓRIO;5
119242747;105755388;51457;OPTATIVO;0
105757389;105755388;55053;OPTATIVO;0
115629606;105755388;61106;OPTATIVO;0
121664480;105755388;63933;OPTATIVO;0
105757347;105755388;52995;OPTATIVO;0
105755442;105755388;2054911;OBRIGATÓRIO;5
105759131;105755388;52990;OPTATIVO;0
105755437;105755388;55027;OBRIGATÓRIO;4
111412622;105755388;59735;OPTATIVO;0
113235835;105755388;53193;OPTATIVO;0
105755419;105755388;55051;OPTATIVO;0
115629607;105755388;61107;OPTATIVO;0
105755401;105755388;25764;OPTATIVO;0
115629574;105755388;61109;OPTATIVO;0
115629601;105755388;61101;OPTATIVO;0
105755430;105755388;55024;OBRIGATÓRIO;3
118878823;105755388;62887;OPTATIVO;0
105755408;105755388;2054931;OPTATIVO;0
119356669;105755388;62382;OPTATIVO;0
115629605;105755388;61105;OPTATIVO;0
105755389;105755388;2041507;OPTATIVO;0
125078226;105755388;55061;OPTATIVO;0
105757368;105755388;52698;OPTATIVO;0
105757390;105755388;52702;OPTATIVO;0
105755402;105755388;21717;OPTATIVO;0
115629572;105755388;61129;OPTATIVO;0
105755394;105755388;26919;OPTATIVO;0
105757392;105755388;55049;OPTATIVO;0
115629603;105755388;61103;OPTATIVO;0
105757380;105755388;55094;OPTATIVO;0
119252320;105755388;2054921;OPTATIVO;0
105755406;105755388;2054928;OPTATIVO;0
115629590;105755388;61118;OPTATIVO;0
111412623;105755388;59736;OPTATIVO;0
105755448;105755388;55369;OBRIGATÓRIO;6
105757356;105755388;52680;OPTATIVO;0
105759133;105755388;21787;OPTATIVO;0
105757354;105755388;52794;OPTATIVO;0
121664479;105755388;63932;OPTATIVO;0
105759138;105755388;21783;OPTATIVO;0
115629575;105755388;61110;OPTATIVO;0
125078227;105755388;55062;OPTATIVO;0
125078228;105755388;65101;OPTATIVO;0
105757373;105755388;52691;OPTATIVO;0
112439163;105755388;55085;OPTATIVO;0
105755397;105755388;26922;OPTATIVO;0
111412624;105755388;59737;OPTATIVO;0
105757360;105755388;55059;OPTATIVO;0
121664484;105755388;63936;OPTATIVO;0
105755426;105755388;55021;OBRIGATÓRIO;2
115629576;105755388;61111;OPTATIVO;0
115629584;105755388;61086;OPTATIVO;0
115629579;105755388;61114;OPTATIVO;0
105757367;105755388;52673;OPTATIVO;0
105757346;105755388;55046;OPTATIVO;0
105757362;105755388;55055;OPTATIVO;0
105755405;105755388;2054924;OPTATIVO;0
105755412;105755388;2054952;OPTATIVO;0
105757361;105755388;52685;OPTATIVO;0
105757366;105755388;52688;OPTATIVO;0
115629604;105755388;61104;OPTATIVO;0
105755422;105755388;55031;OBRIGATÓRIO;1
105759139;105755388;52974;OPTATIVO;0
105759144;105755388;52973;OPTATIVO;0
105755447;105755388;52870;OBRIGATÓRIO;6
105755416;105755388;2054956;OPTATIVO;0
105755414;105755388;2054954;OPTATIVO;0
105755417;105755388;52811;OPTATIVO;0
105755427;105755388;55022;OBRIGATÓRIO;2
105755450;105755388;2054914;OBRIGATÓRIO;7
111412620;105755388;59738;OPTATIVO;0
105755434;105755388;2054906;OBRIGATÓRIO;4
105755449;105755388;2054957;OBRIGATÓRIO;7
105755446;105755388;42157;OBRIGATÓRIO;6
105757387;105755388;52694;OPTATIVO;0
119252319;105755388;2054917;OPTATIVO;0
112439168;105755388;55043;OPTATIVO;0
105755392;105755388;26917;OPTATIVO;0
105755413;105755388;2054953;OPTATIVO;0
105759140;105755388;52975;OPTATIVO;0
105757350;105755388;55052;OPTATIVO;0
115629580;105755388;61115;OPTATIVO;0
105757363;105755388;55056;OPTATIVO;0
121664481;105755388;63937;OPTATIVO;0
105755423;105755388;55082;OBRIGATÓRIO;1
118878822;105755388;62888;OPTATIVO;0
105757385;105755388;52687;OPTATIVO;0
115629596;105755388;61096;OPTATIVO;0
115629598;105755388;61098;OPTATIVO;0
115629587;105755388;61094;OPTATIVO;0
105755396;105755388;26921;OPTATIVO;0
113235833;105755388;43193;OPTATIVO;0
112439164;105755388;52792;OPTATIVO;0
105755393;105755388;26918;OPTATIVO;0
113235834;105755388;26528;OPTATIVO;0
111412621;105755388;59734;OPTATIVO;0
119658250;105755388;21764;OPTATIVO;0
125292892;105755388;55940;OPTATIVO;0
115629593;105755388;61121;OPTATIVO;0
105759151;105755388;23553;OPTATIVO;0
105755440;105755388;2054904;OBRIGATÓRIO;5
105759136;105755388;40134;OPTATIVO;0
111412625;105755388;59739;OPTATIVO;0
121664482;105755388;63934;OPTATIVO;0
105755438;105755388;55030;OBRIGATÓRIO;4
119252321;105755388;2054922;OPTATIVO;0
105755400;105755388;26931;OPTATIVO;0
105757349;105755388;55040;OPTATIVO;0
111412618;105755388;59732;OPTATIVO;0
105755420;105755388;55019;OBRIGATÓRIO;1
105755398;105755388;26923;OPTATIVO;0
105757378;105755388;52795;OPTATIVO;0
105755435;105755388;2054912;OBRIGATÓRIO;4
113235836;105755388;59634;OPTATIVO;0
111412619;105755388;59733;OPTATIVO;0
115629589;105755388;61117;OPTATIVO;0
115629578;105755388;61113;OPTATIVO;0
105757384;105755388;52692;OPTATIVO;0
105755404;105755388;2054923;OPTATIVO;0
125078230;105755388;65103;OPTATIVO;0
105755421;105755388;55020;OBRIGATÓRIO;1
105757382;105755388;55096;OPTATIVO;0
105755395;105755388;26920;OPTATIVO;0
115629573;105755388;61130;OPTATIVO;0
115629597;105755388;61097;OPTATIVO;0
105759143;105755388;52971;OPTATIVO;0
115629602;105755388;61102;OPTATIVO;0
123037198;105755388;55939;OPTATIVO;0
105759132;105755388;2040950;OPTATIVO;0
115629600;105755388;61100;OPTATIVO;0
123540433;105755388;20033;OPTATIVO;0
115629582;105755388;61084;OPTATIVO;0
105755407;105755388;2054930;OPTATIVO;0
105755432;105755388;55025;OBRIGATÓRIO;3
105757358;105755388;55058;OPTATIVO;0
105755436;105755388;55026;OBRIGATÓRIO;4
105757345;105755388;55057;OPTATIVO;0
105759150;105755388;23557;OPTATIVO;0
105757376;105755388;52690;OPTATIVO;0
105755452;105755388;52813;OBRIGATÓRIO;7
105755399;105755388;26924;OPTATIVO;0
105757353;105755388;52793;OPTATIVO;0
105757393;105755388;55050;OPTATIVO;0
112439162;105755388;52790;OPTATIVO;0
105757372;105755388;55060;OPTATIVO;0
105759134;105755388;52972;OPTATIVO;0
118878824;105755388;62886;OPTATIVO;0
105759148;105755388;55325;OPTATIVO;0
105757344;105755388;52697;OPTATIVO;0
105755445;105755388;2054905;OBRIGATÓRIO;6
105759137;105755388;2022853;OPTATIVO;0
112439166;105755388;55039;OPTATIVO;0
125078229;105755388;65102;OPTATIVO;0
119252322;105755388;2054927;OPTATIVO;0
105757374;105755388;55037;OPTATIVO;0
105757370;105755388;52788;OPTATIVO;0
105757377;105755388;52684;OPTATIVO;0
105755451;105755388;2054919;OBRIGATÓRIO;7
105755411;105755388;2054951;OPTATIVO;0
105759149;105755388;23538;OPTATIVO;0
125292893;105755388;64877;OPTATIVO;0
115629581;105755388;61083;OPTATIVO;0
105757348;105755388;52699;OPTATIVO;0
125078231;105755388;65104;OPTATIVO;0
105755418;105755388;46256;OPTATIVO;0
105757369;105755388;52681;OPTATIVO;0
119242748;105755388;62381;OPTATIVO;0
119242466;102200805;51457;OPTATIVO;0
102200842;102200805;55059;OPTATIVO;0
115628998;102200805;61116;OPTATIVO;0
125071837;102200805;55062;OPTATIVO;0
113235694;102200805;26528;OPTATIVO;0
112439055;102200805;2054919;OPTATIVO;0
102200837;102200805;52699;OPTATIVO;0
115628983;102200805;61101;OPTATIVO;0
115628988;102200805;61106;OPTATIVO;0
111412105;102200805;59732;OPTATIVO;0
102200858;102200805;21771;OBRIGATÓRIO;4
102247095;102200805;23538;OBRIGATÓRIO;4
102200806;102200805;55019;OBRIGATÓRIO;1
115628972;102200805;61085;OPTATIVO;0
115629003;102200805;61121;OPTATIVO;0
102200855;102200805;55056;OPTATIVO;0
115629000;102200805;61118;OPTATIVO;0
102249580;102200805;27733;OPTATIVO;0
111412085;102200805;26917;OPTATIVO;0
121664370;102200805;63936;OPTATIVO;0
120655512;102200805;2054928;OPTATIVO;0
115628990;102200805;61108;OPTATIVO;0
111412096;102200805;2054950;OPTATIVO;0
102200853;102200805;55074;OPTATIVO;0
102200836;102200805;52698;OPTATIVO;0
121664366;102200805;63933;OPTATIVO;0
102200854;102200805;52692;OPTATIVO;0
115656310;102200805;2040950;OPTATIVO;0
111412104;102200805;57807;OPTATIVO;0
111412088;102200805;26919;OPTATIVO;0
102200824;102200805;55045;OPTATIVO;0
111412092;102200805;26924;OPTATIVO;0
112439056;102200805;2054957;OPTATIVO;0
112439059;102200805;55094;OPTATIVO;0
125071838;102200805;65101;OPTATIVO;0
115628978;102200805;61096;OPTATIVO;0
115628975;102200805;61093;OPTATIVO;0
102200860;102200805;52673;OPTATIVO;0
102200864;102200805;55052;OPTATIVO;0
102249582;102200805;25561;OPTATIVO;0
102200816;102200805;55024;OBRIGATÓRIO;3
111412090;102200805;26921;OPTATIVO;0
111412083;102200805;26915;OPTATIVO;0
118878478;102200805;62888;OPTATIVO;0
115628996;102200805;61114;OPTATIVO;0
102200843;102200805;2022853;OBRIGATÓRIO;3
115628999;102200805;61117;OPTATIVO;0
112439062;102200805;55038;OPTATIVO;0
111412112;102200805;59739;OPTATIVO;0
102247097;102200805;52866;OBRIGATÓRIO;5
102249587;102200805;42066;OPTATIVO;0
102200847;102200805;55044;OPTATIVO;0
113235695;102200805;53193;OPTATIVO;0
111412100;102200805;2054953;OPTATIVO;0
102249590;102200805;42067;OPTATIVO;0
102202129;102200805;52971;OBRIGATÓRIO;6
102249585;102200805;46256;OPTATIVO;0
119356384;102200805;62382;OPTATIVO;0
102200820;102200805;55036;OPTATIVO;0
102200810;102200805;52650;OBRIGATÓRIO;2
111412107;102200805;59738;OPTATIVO;0
102202131;102200805;52974;OBRIGATÓRIO;6
111412084;102200805;26916;OPTATIVO;0
112439066;102200805;55039;OPTATIVO;0
102247259;102200805;55369;OBRIGATÓRIO;7
111412094;102200805;2054931;OPTATIVO;0
115628993;102200805;61111;OPTATIVO;0
102200848;102200805;52681;OPTATIVO;0
115656311;102200805;21787;OPTATIVO;0
102200823;102200805;55043;OPTATIVO;0
121428088;102200805;2054925;OPTATIVO;0
102200840;102200805;52996;OPTATIVO;0
102200827;102200805;55051;OPTATIVO;0
102200829;102200805;52683;OPTATIVO;0
115628986;102200805;61104;OPTATIVO;0
102200809;102200805;55082;OBRIGATÓRIO;1
102200818;102200805;55025;OBRIGATÓRIO;3
121664368;102200805;63934;OPTATIVO;0
102200846;102200805;55040;OPTATIVO;0
112439058;102200805;52795;OPTATIVO;0
102200857;102200805;55084;OPTATIVO;0
111412109;102200805;59735;OPTATIVO;0
102249296;102200805;40134;OPTATIVO;0
102200814;102200805;52665;OBRIGATÓRIO;2
112439053;102200805;52813;OPTATIVO;0
115812602;102200805;2054929;OPTATIVO;0
111412093;102200805;2054930;OPTATIVO;0
102200850;102200805;52687;OPTATIVO;0
111412102;102200805;2054956;OPTATIVO;0
102249591;102200805;26930;OPTATIVO;0
115656309;102200805;52990;OPTATIVO;0
111412091;102200805;26922;OPTATIVO;0
102200869;102200805;55085;OPTATIVO;0
119189991;102200805;2054917;OPTATIVO;0
112439063;102200805;52682;OPTATIVO;0
102200865;102200805;55053;OPTATIVO;0
125292941;102200805;55940;OPTATIVO;0
102247098;102200805;52973;OBRIGATÓRIO;6
102200867;102200805;55057;OPTATIVO;0
112439067;102200805;52672;OPTATIVO;0
112439050;102200805;2054904;OPTATIVO;0
115629001;102200805;61119;OPTATIVO;0
102200822;102200805;55041;OPTATIVO;0
119189992;102200805;2054921;OPTATIVO;0
102202127;102200805;55326;OBRIGATÓRIO;5
111412111;102200805;59737;OPTATIVO;0
102200839;102200805;52702;OPTATIVO;0
111412101;102200805;2054954;OPTATIVO;0
102200826;102200805;55050;OPTATIVO;0
102200808;102200805;55031;OBRIGATÓRIO;1
115628989;102200805;61107;OPTATIVO;0
102200866;102200805;52794;OPTATIVO;0
112439052;102200805;52870;OPTATIVO;0
102202130;102200805;52790;OBRIGATÓRIO;6
115656312;102200805;55370;OPTATIVO;0
115628995;102200805;61113;OPTATIVO;0
102200807;102200805;55020;OBRIGATÓRIO;1
111412095;102200805;2054932;OPTATIVO;0
102200841;102200805;55055;OPTATIVO;0
102200833;102200805;52691;OPTATIVO;0
115628088;102200805;61132;OPTATIVO;0
119242467;102200805;62381;OPTATIVO;0
102249584;102200805;2040707;OPTATIVO;0
115629004;102200805;61122;OPTATIVO;0
115628971;102200805;61084;OPTATIVO;0
121664367;102200805;63937;OPTATIVO;0
121664369;102200805;63935;OPTATIVO;0
102200844;102200805;55026;OBRIGATÓRIO;4
102200813;102200805;55022;OBRIGATÓRIO;2
102200817;102200805;52664;OBRIGATÓRIO;3
115628982;102200805;61100;OPTATIVO;0
112439065;102200805;52694;OPTATIVO;0
102200863;102200805;52793;OPTATIVO;0
115628977;102200805;61095;OPTATIVO;0
102247099;102200805;23553;OBRIGATÓRIO;6
115628980;102200805;61098;OPTATIVO;0
119189994;102200805;2054927;OPTATIVO;0
104730761;102200805;56269;OPTATIVO;0
115628997;102200805;61115;OPTATIVO;0
102200832;102200805;52690;OPTATIVO;0
115628974;102200805;61087;OPTATIVO;0
102200868;102200805;55058;OPTATIVO;0
115628973;102200805;61086;OPTATIVO;0
111412103;102200805;57806;OPTATIVO;0
102200831;102200805;55083;OPTATIVO;0
102200828;102200805;52685;OPTATIVO;0
102202128;102200805;52972;OBRIGATÓRIO;5
115628970;102200805;61083;OPTATIVO;0
102200815;102200805;55023;OBRIGATÓRIO;3
115628992;102200805;61110;OPTATIVO;0
112439064;102200805;52796;OPTATIVO;0
118878476;102200805;62886;OPTATIVO;0
102200835;102200805;52697;OPTATIVO;0
102200811;102200805;52662;OBRIGATÓRIO;2
125292940;102200805;64877;OPTATIVO;0
115628380;102200805;61129;OPTATIVO;0
102200830;102200805;52684;OPTATIVO;0
111412110;102200805;59736;OPTATIVO;0
102249588;102200805;23557;OPTATIVO;0
102249581;102200805;2041507;OPTATIVO;0
102200862;102200805;52788;OPTATIVO;0
111412099;102200805;2054952;OPTATIVO;0
123036857;102200805;55939;OPTATIVO;0
113235696;102200805;59634;OPTATIVO;0
102200838;102200805;52700;OPTATIVO;0
115628981;102200805;61099;OPTATIVO;0
125071839;102200805;65102;OPTATIVO;0
115628994;102200805;61112;OPTATIVO;0
111412108;102200805;59734;OPTATIVO;0
115628985;102200805;61103;OPTATIVO;0
115628984;102200805;61102;OPTATIVO;0
102200845;102200805;55027;OBRIGATÓRIO;4
102200825;102200805;55049;OPTATIVO;0
112439049;102200805;42157;OPTATIVO;0
102247260;102200805;21783;OBRIGATÓRIO;7
118878477;102200805;62887;OPTATIVO;0
112439054;102200805;2054905;OPTATIVO;0
115628976;102200805;61094;OPTATIVO;0
102200856;102200805;55060;OPTATIVO;0
102249589;102200805;20033;OPTATIVO;0
102200834;102200805;52693;OPTATIVO;0
102200821;102200805;55037;OPTATIVO;0
112439061;102200805;55096;OPTATIVO;0
115628987;102200805;61105;OPTATIVO;0
125071841;102200805;65104;OPTATIVO;0
112439057;102200805;2054910;OPTATIVO;0
102200812;102200805;55021;OBRIGATÓRIO;2
102200859;102200805;55325;OBRIGATÓRIO;4
115629002;102200805;61120;OPTATIVO;0
112439051;102200805;52867;OPTATIVO;0
125071836;102200805;55061;OPTATIVO;0
115628969;102200805;61130;OPTATIVO;0
125071840;102200805;65103;OPTATIVO;0
111412089;102200805;26920;OPTATIVO;0
121664365;102200805;63932;OPTATIVO;0
102202132;102200805;52792;OPTATIVO;0
102200852;102200805;55054;OPTATIVO;0
115628991;102200805;61109;OPTATIVO;0
102200849;102200805;52686;OPTATIVO;0
111412098;102200805;2054951;OPTATIVO;0
102249586;102200805;23465;OPTATIVO;0
111412097;102200805;2054955;OPTATIVO;0
111412106;102200805;59733;OPTATIVO;0
112439060;102200805;55095;OPTATIVO;0
111412086;102200805;26918;OPTATIVO;0
102249297;102200805;55372;OPTATIVO;0
102247096;102200805;23558;OBRIGATÓRIO;5
119658094;102200805;21764;OPTATIVO;0
102200851;102200805;52688;OPTATIVO;0
102247262;102200805;21790;OBRIGATÓRIO;7
102247261;102200805;52975;OBRIGATÓRIO;7
115628979;102200805;61097;OPTATIVO;0
111412087;102200805;26923;OPTATIVO;0
119189993;102200805;2054922;OPTATIVO;0
102249579;102200805;43193;OPTATIVO;0
105764040;101669382;2054931;OPTATIVO;0
105764048;101669382;2054956;OPTATIVO;0
101669452;101669382;55049;OPTATIVO;8
115676754;101669382;52990;OPTATIVO;0
105764043;101669382;2054955;OPTATIVO;0
115629866;101669382;61097;OPTATIVO;0
115629863;101669382;61122;OPTATIVO;0
101669410;101669382;55027;OBRIGATÓRIO;4
119658285;101669382;21764;OPTATIVO;0
105764022;101669382;2054905;OPTATIVO;0
101669394;101669382;55025;OBRIGATÓRIO;3
101669458;101669382;55085;OBRIGATÓRIO;8
121664630;101669382;63935;OPTATIVO;0
111412690;101669382;59735;OPTATIVO;0
101669425;101669382;52664;OBRIGATÓRIO;5
115629877;101669382;61108;OPTATIVO;0
101669384;101669382;55020;OBRIGATÓRIO;1
115812739;101669382;2054929;OPTATIVO;0
101669450;101669382;52694;OBRIGATÓRIO;7
105764025;101669382;52811;OPTATIVO;0
111412686;101669382;59732;OPTATIVO;0
112438896;101669382;55095;OPTATIVO;0
115629845;101669382;61111;OPTATIVO;0
105764037;101669382;26922;OPTATIVO;0
101669421;101669382;55074;OPTATIVO;4
105764039;101669382;2054930;OPTATIVO;0
111412684;101669382;57806;OPTATIVO;0
119189560;101669382;2054921;OPTATIVO;0
105764021;101669382;26931;OPTATIVO;0
101669441;101669382;52795;OPTATIVO;6
123540354;101669382;20033;OPTATIVO;0
115629860;101669382;61119;OPTATIVO;0
115629870;101669382;61101;OPTATIVO;0
102249932;101669382;52974;OPTATIVO;7
101669404;101669382;52684;OPTATIVO;3
119189643;101669382;2054927;OPTATIVO;0
101669417;101669382;52686;OPTATIVO;4
115676757;101669382;55370;OPTATIVO;0
101669406;101669382;52698;OPTATIVO;3
115629875;101669382;61106;OPTATIVO;0
101669412;101669382;55040;OPTATIVO;4
105764044;101669382;2054951;OPTATIVO;0
111412685;101669382;57807;OPTATIVO;0
111412691;101669382;59736;OPTATIVO;0
118878592;101669382;62887;OPTATIVO;0
101669399;101669382;55043;OPTATIVO;3
101669391;101669382;55029;OBRIGATÓRIO;3
102249931;101669382;52973;OPTATIVO;7
113235657;101669382;53193;OPTATIVO;0
101669419;101669382;52688;OPTATIVO;4
113185004;101669382;2041507;OPTATIVO;0
115629854;101669382;61087;OPTATIVO;0
102249925;101669382;55325;OPTATIVO;5
105764041;101669382;2054932;OPTATIVO;0
113235658;101669382;59634;OPTATIVO;0
105764047;101669382;2054954;OPTATIVO;0
105764029;101669382;26915;OPTATIVO;0
115629851;101669382;61084;OPTATIVO;0
115676756;101669382;21787;OPTATIVO;0
115629859;101669382;61118;OPTATIVO;0
113235655;101669382;43193;OPTATIVO;0
105764033;101669382;26923;OPTATIVO;0
101669432;101669382;52794;OPTATIVO;5
111412688;101669382;59738;OPTATIVO;0
113235656;101669382;26528;OPTATIVO;0
101669437;101669382;55044;OPTATIVO;6
123036994;101669382;55939;OPTATIVO;0
105764024;101669382;2054918;OPTATIVO;0
115629848;101669382;61114;OPTATIVO;0
101669402;101669382;52685;OPTATIVO;3
105764046;101669382;2054953;OPTATIVO;0
101669409;101669382;55026;OBRIGATÓRIO;4
101669407;101669382;55059;OPTATIVO;3
125292631;101669382;64877;OPTATIVO;0
115628013;101669382;61132;OPTATIVO;0
105764030;101669382;26916;OPTATIVO;0
125292632;101669382;55940;OPTATIVO;0
105764027;101669382;55369;OPTATIVO;0
101669460;101669382;55057;OBRIGATÓRIO;9
115629850;101669382;61083;OPTATIVO;0
125078278;101669382;65102;OPTATIVO;0
101669416;101669382;52681;OPTATIVO;4
101669400;101669382;55045;OPTATIVO;3
101669451;101669382;52699;OBRIGATÓRIO;7
101669443;101669382;52693;OBRIGATÓRIO;6
125078279;101669382;65103;OPTATIVO;0
101669388;101669382;55021;OBRIGATÓRIO;2
115629846;101669382;61112;OPTATIVO;0
105764034;101669382;26919;OPTATIVO;0
101669434;101669382;52692;OBRIGATÓRIO;5
101669424;101669382;55028;OBRIGATÓRIO;5
115629852;101669382;61085;OPTATIVO;0
101669436;101669382;52672;OPTATIVO;6
115629865;101669382;61096;OPTATIVO;0
101669454;101669382;52702;OPTATIVO;8
105764036;101669382;26921;OPTATIVO;0
115629858;101669382;61117;OPTATIVO;0
102249934;101669382;21783;OPTATIVO;8
101669387;101669382;52650;OBRIGATÓRIO;2
105764019;101669382;2054904;OPTATIVO;0
101669414;101669382;55039;OPTATIVO;4
105764028;101669382;2054910;OPTATIVO;0
102249928;101669382;52866;OPTATIVO;6
101669447;101669382;55048;OPTATIVO;7
105764020;101669382;52813;OPTATIVO;0
101669418;101669382;52687;OPTATIVO;4
101669429;101669382;52793;OPTATIVO;5
101669403;101669382;52683;OPTATIVO;3
115676755;101669382;2040950;OPTATIVO;0
104731056;101669382;56269;OPTATIVO;0
102249935;101669382;52975;OPTATIVO;8
115629869;101669382;61100;OPTATIVO;0
101669427;101669382;52673;OPTATIVO;5
101669435;101669382;52691;OBRIGATÓRIO;5
101669462;101669382;55058;OPTATIVO;9
105764031;101669382;26917;OPTATIVO;0
101669420;101669382;55054;OPTATIVO;4
115629868;101669382;61099;OPTATIVO;0
115629861;101669382;61120;OPTATIVO;0
105764045;101669382;2054952;OPTATIVO;0
121664628;101669382;63937;OPTATIVO;0
123540212;101669382;25561;OPTATIVO;0
101669442;101669382;52790;OBRIGATÓRIO;6
101669446;101669382;55084;OBRIGATÓRIO;6
102249933;101669382;23553;OPTATIVO;7
101669439;101669382;55046;OPTATIVO;6
101669438;101669382;55042;OPTATIVO;6
125078280;101669382;65104;OPTATIVO;0
101669428;101669382;52788;OPTATIVO;5
101669433;101669382;55055;OBRIGATÓRIO;5
115629853;101669382;61086;OPTATIVO;0
105764042;101669382;2054950;OPTATIVO;0
115629844;101669382;61110;OPTATIVO;0
125078276;101669382;55062;OPTATIVO;0
101669463;101669382;52792;OPTATIVO;9
105764035;101669382;26920;OPTATIVO;0
121664626;101669382;63932;OPTATIVO;0
105764023;101669382;21717;OPTATIVO;0
115629856;101669382;61094;OPTATIVO;0
101669422;101669382;55060;OPTATIVO;4
115629847;101669382;61113;OPTATIVO;0
115629864;101669382;61095;OPTATIVO;0
101669456;101669382;52697;OBRIGATÓRIO;8
101669453;101669382;55050;OPTATIVO;8
101669415;101669382;55047;OPTATIVO;4
115629872;101669382;61103;OPTATIVO;0
120655610;101669382;2054928;OPTATIVO;0
111412689;101669382;59734;OPTATIVO;0
101669449;101669382;52789;OBRIGATÓRIO;7
101669390;101669382;52665;OBRIGATÓRIO;2
118878591;101669382;62888;OPTATIVO;0
101669385;101669382;55031;OBRIGATÓRIO;1
101669423;101669382;55030;OBRIGATÓRIO;4
105764038;101669382;26924;OPTATIVO;0
121664631;101669382;63936;OPTATIVO;0
105764026;101669382;2054919;OPTATIVO;0
121664627;101669382;63933;OPTATIVO;0
101669431;101669382;55053;OPTATIVO;5
101669393;101669382;55024;OBRIGATÓRIO;3
115629876;101669382;61107;OPTATIVO;0
102249926;101669382;23538;OPTATIVO;5
111412687;101669382;59733;OPTATIVO;0
101669440;101669382;52682;OPTATIVO;6
119356676;101669382;62382;OPTATIVO;0
101669389;101669382;55022;OBRIGATÓRIO;2
101669397;101669382;55037;OPTATIVO;3
112438894;101669382;52971;OPTATIVO;0
115629874;101669382;61105;OPTATIVO;0
115629867;101669382;61098;OPTATIVO;0
101669445;101669382;52690;OBRIGATÓRIO;6
102249927;101669382;23558;OPTATIVO;6
125078277;101669382;65101;OPTATIVO;0
101669392;101669382;55023;OBRIGATÓRIO;3
101669455;101669382;52996;OPTATIVO;8
101669395;101669382;52536;OPTATIVO;3
115629842;101669382;61130;OPTATIVO;0
112438895;101669382;55094;OPTATIVO;0
119189630;101669382;2054922;OPTATIVO;0
115676758;101669382;40134;OPTATIVO;0
115629873;101669382;61104;OPTATIVO;0
112438893;101669382;2054957;OPTATIVO;0
115629857;101669382;61116;OPTATIVO;0
115629843;101669382;61109;OPTATIVO;0
105764018;101669382;42157;OPTATIVO;0
101669444;101669382;55056;OBRIGATÓRIO;6
101669383;101669382;55019;OBRIGATÓRIO;1
101669398;101669382;55041;OPTATIVO;3
101669461;101669382;52700;OBRIGATÓRIO;9
105764032;101669382;26918;OPTATIVO;0
112438897;101669382;55096;OPTATIVO;0
111412692;101669382;59737;OPTATIVO;0
118878593;101669382;62886;OPTATIVO;0
101669448;101669382;52796;OPTATIVO;7
101669405;101669382;55083;OPTATIVO;3
111412693;101669382;59739;OPTATIVO;0
101669401;101669382;55051;OPTATIVO;3
101669408;101669382;52662;OBRIGATÓRIO;4
115629841;101669382;61129;OPTATIVO;0
125078275;101669382;55061;OPTATIVO;0
115629871;101669382;61102;OPTATIVO;0
101669457;101669382;52791;OBRIGATÓRIO;8
115629862;101669382;61121;OPTATIVO;0
121664629;101669382;63934;OPTATIVO;0
101669386;101669382;55082;OBRIGATÓRIO;1
119242525;101669382;51457;OPTATIVO;0
101669396;101669382;55036;OPTATIVO;3
102249929;101669382;52972;OPTATIVO;6
115629855;101669382;61093;OPTATIVO;0
101669413;101669382;55038;OPTATIVO;4
119242526;101669382;62381;OPTATIVO;0
121428041;101669382;2054925;OPTATIVO;0
115629849;101669382;61115;OPTATIVO;0
101669430;101669382;55052;OPTATIVO;5
101669297;101669220;55074;OPTATIVO;9
123540360;101669220;20033;OPTATIVO;0
101669237;101669220;55043;OPTATIVO;3
121664876;101669220;63932;OPTATIVO;0
121664878;101669220;63937;OPTATIVO;0
105852992;101669220;2054919;OPTATIVO;0
101669268;101669220;55085;OPTATIVO;5
113235604;101669220;26528;OPTATIVO;0
105853000;101669220;26923;OPTATIVO;0
101669281;101669220;55048;OPTATIVO;7
105852998;101669220;26917;OPTATIVO;0
105853010;101669220;2054955;OPTATIVO;0
105853014;101669220;2054954;OPTATIVO;0
105852993;101669220;2054922;OPTATIVO;0
125078761;101669220;65101;OPTATIVO;0
125078763;101669220;65103;OPTATIVO;0
104731225;101669220;56269;OPTATIVO;0
101669223;101669220;55031;OBRIGATÓRIO;1
115630656;101669220;61115;OPTATIVO;0
101669278;101669220;52790;OBRIGATÓRIO;6
115630683;101669220;61107;OPTATIVO;0
105853016;101669220;2041507;OPTATIVO;0
102264801;101669220;52974;OPTATIVO;7
115630666;101669220;61118;OPTATIVO;0
115630671;101669220;61095;OPTATIVO;0
101669247;101669220;55059;OPTATIVO;3
121664877;101669220;63933;OPTATIVO;0
101669235;101669220;55037;OPTATIVO;3
101669257;101669220;55056;OPTATIVO;4
105852989;101669220;21717;OPTATIVO;0
101669277;101669220;52683;OBRIGATÓRIO;6
101669287;101669220;52702;OPTATIVO;8
101669299;101669220;55053;OPTATIVO;9
105853013;101669220;2054953;OPTATIVO;0
115630684;101669220;61108;OPTATIVO;0
101669282;101669220;52684;OBRIGATÓRIO;7
115630650;101669220;61109;OPTATIVO;0
115630668;101669220;61120;OPTATIVO;0
111412761;101669220;59739;OPTATIVO;0
123540236;101669220;25561;OPTATIVO;0
119242702;101669220;51457;OPTATIVO;0
115630669;101669220;61121;OPTATIVO;0
115630664;101669220;61116;OPTATIVO;0
101669236;101669220;55041;OPTATIVO;3
115630679;101669220;61103;OPTATIVO;0
101669253;101669220;55038;OPTATIVO;4
101669240;101669220;52690;OPTATIVO;3
115630672;101669220;61096;OPTATIVO;0
115812697;101669220;2054929;OPTATIVO;0
105853004;101669220;26922;OPTATIVO;0
101669246;101669220;55055;OPTATIVO;3
125078762;101669220;65102;OPTATIVO;0
119356698;101669220;62382;OPTATIVO;0
101669274;101669220;55044;OPTATIVO;6
102264803;101669220;21783;OPTATIVO;8
102264794;101669220;55325;OPTATIVO;5
119255432;101669220;2054927;OPTATIVO;0
101669232;101669220;55025;OBRIGATÓRIO;3
111412757;101669220;59734;OPTATIVO;0
115630677;101669220;61101;OPTATIVO;0
101669241;101669220;52694;OPTATIVO;3
101669271;101669220;52789;OBRIGATÓRIO;6
102264800;101669220;52973;OPTATIVO;7
101669224;101669220;55082;OBRIGATÓRIO;1
101669289;101669220;52788;OBRIGATÓRIO;8
101669254;101669220;55039;OPTATIVO;4
105852987;101669220;2054921;OPTATIVO;0
125078760;101669220;55062;OPTATIVO;0
101669231;101669220;55024;OBRIGATÓRIO;3
119658335;101669220;21764;OPTATIVO;0
111412760;101669220;59737;OPTATIVO;0
102264796;101669220;23558;OPTATIVO;6
115676170;101669220;40134;OPTATIVO;0
121664879;101669220;63934;OPTATIVO;0
101669234;101669220;55036;OPTATIVO;3
102264795;101669220;23538;OPTATIVO;5
119242703;101669220;62381;OPTATIVO;0
115630667;101669220;61119;OPTATIVO;0
101669267;101669220;55058;OPTATIVO;5
105853007;101669220;2054931;OPTATIVO;0
102264798;101669220;52972;OPTATIVO;6
101669248;101669220;52662;OBRIGATÓRIO;4
105853003;101669220;26921;OPTATIVO;0
125292726;101669220;64877;OPTATIVO;0
105853012;101669220;2054952;OPTATIVO;0
105852996;101669220;26915;OPTATIVO;0
115630673;101669220;61097;OPTATIVO;0
101669265;101669220;52794;OPTATIVO;5
105853009;101669220;2054950;OPTATIVO;0
101669279;101669220;52681;OBRIGATÓRIO;6
115630661;101669220;61087;OPTATIVO;0
115630670;101669220;61122;OPTATIVO;0
115630665;101669220;61117;OPTATIVO;0
115630663;101669220;61094;OPTATIVO;0
105852986;101669220;26931;OPTATIVO;0
115630681;101669220;61105;OPTATIVO;0
125292725;101669220;55940;OPTATIVO;0
101669228;101669220;52665;OBRIGATÓRIO;2
101669244;101669220;52699;OPTATIVO;3
101669252;101669220;55040;OPTATIVO;4
115630659;101669220;61085;OPTATIVO;0
115630680;101669220;61104;OPTATIVO;0
105852988;101669220;2054905;OPTATIVO;0
112438834;101669220;55096;OPTATIVO;0
101669295;101669220;52688;OPTATIVO;9
102264806;101669220;27733;OPTATIVO;9
101669256;101669220;52692;OPTATIVO;4
113235606;101669220;59634;OPTATIVO;0
101669283;101669220;52792;OBRIGATÓRIO;7
118878422;101669220;62886;OPTATIVO;0
101669280;101669220;52791;OBRIGATÓRIO;7
115676168;101669220;21787;OPTATIVO;0
101669262;101669220;52664;OBRIGATÓRIO;5
111412754;101669220;59732;OPTATIVO;0
111412759;101669220;59736;OPTATIVO;0
105852997;101669220;26916;OPTATIVO;0
115630676;101669220;61100;OPTATIVO;0
102264808;101669220;23557;OPTATIVO;9
101669288;101669220;52996;OPTATIVO;8
105852984;101669220;2054917;OPTATIVO;0
102264807;101669220;46256;OPTATIVO;9
113235605;101669220;53193;OPTATIVO;0
112438831;101669220;52971;OPTATIVO;0
101669239;101669220;55051;OPTATIVO;3
101669242;101669220;52697;OPTATIVO;3
121664881;101669220;63936;OPTATIVO;0
115630655;101669220;61114;OPTATIVO;0
101669264;101669220;52673;OPTATIVO;5
105853015;101669220;2054956;OPTATIVO;0
101669270;101669220;55083;OBRIGATÓRIO;5
115630657;101669220;61083;OPTATIVO;0
111412758;101669220;59735;OPTATIVO;0
101669258;101669220;55060;OPTATIVO;4
101669227;101669220;55022;OBRIGATÓRIO;2
101669238;101669220;55045;OPTATIVO;3
101669266;101669220;55057;OPTATIVO;5
101669229;101669220;55029;OBRIGATÓRIO;3
112438830;101669220;55369;OPTATIVO;0
105853006;101669220;2054930;OPTATIVO;0
115630654;101669220;61113;OPTATIVO;0
115676169;101669220;55370;OPTATIVO;0
101669275;101669220;55042;OPTATIVO;6
105853002;101669220;26920;OPTATIVO;0
115627985;101669220;61132;OPTATIVO;0
111412752;101669220;57806;OPTATIVO;0
105852999;101669220;26918;OPTATIVO;0
101669243;101669220;52698;OPTATIVO;3
115630662;101669220;61093;OPTATIVO;0
101669296;101669220;55054;OPTATIVO;9
115630675;101669220;61099;OPTATIVO;0
101669250;101669220;55027;OBRIGATÓRIO;4
115676167;101669220;2040950;OPTATIVO;0
101669245;101669220;52700;OPTATIVO;3
101669249;101669220;55026;OBRIGATÓRIO;4
101669233;101669220;52536;OPTATIVO;3
102264805;101669220;43193;OPTATIVO;9
111412756;101669220;59738;OPTATIVO;0
101669276;101669220;55046;OPTATIVO;6
112438828;101669220;42157;OPTATIVO;0
111412753;101669220;57807;OPTATIVO;0
120655622;101669220;2054928;OPTATIVO;0
101669260;101669220;55030;OBRIGATÓRIO;4
123036986;101669220;55939;OPTATIVO;0
101669225;101669220;52650;OBRIGATÓRIO;2
101669290;101669220;52795;OBRIGATÓRIO;8
115630651;101669220;61110;OPTATIVO;0
115630674;101669220;61098;OPTATIVO;0
112438832;101669220;55094;OPTATIVO;0
115630652;101669220;61111;OPTATIVO;0
101669285;101669220;55049;OPTATIVO;8
101669272;101669220;52682;OBRIGATÓRIO;6
105853005;101669220;26924;OPTATIVO;0
115630653;101669220;61112;OPTATIVO;0
115630682;101669220;61106;OPTATIVO;0
111412755;101669220;59733;OPTATIVO;0
101669261;101669220;55028;OBRIGATÓRIO;5
105852985;101669220;52813;OPTATIVO;0
105853001;101669220;26919;OPTATIVO;0
101669226;101669220;55021;OBRIGATÓRIO;2
105852991;101669220;52811;OPTATIVO;0
125078759;101669220;55061;OPTATIVO;0
118878424;101669220;62888;OPTATIVO;0
101669255;101669220;55047;OPTATIVO;4
125078764;101669220;65104;OPTATIVO;0
101669294;101669220;52687;OBRIGATÓRIO;9
112438829;101669220;2054904;OPTATIVO;0
102264802;101669220;23553;OPTATIVO;7
115630678;101669220;61102;OPTATIVO;0
118878423;101669220;62887;OPTATIVO;0
101669293;101669220;52796;OBRIGATÓRIO;9
115630658;101669220;61084;OPTATIVO;0
115676166;101669220;52990;OPTATIVO;0
105852994;101669220;2054957;OPTATIVO;0
101669259;101669220;55084;OPTATIVO;4
105853011;101669220;2054951;OPTATIVO;0
101669284;101669220;52686;OBRIGATÓRIO;7
115630649;101669220;61130;OPTATIVO;0
121664880;101669220;63935;OPTATIVO;0
102264797;101669220;52866;OPTATIVO;6
102264804;101669220;52975;OPTATIVO;8
105853008;101669220;2054932;OPTATIVO;0
105852995;101669220;2054910;OPTATIVO;0
115630648;101669220;61129;OPTATIVO;0
101669286;101669220;55050;OPTATIVO;8
101669291;101669220;52793;OBRIGATÓRIO;8
101669221;101669220;55019;OBRIGATÓRIO;1
101669269;101669220;52685;OBRIGATÓRIO;5
115630660;101669220;61086;OPTATIVO;0
101669298;101669220;55052;OPTATIVO;9
101669222;101669220;55020;OBRIGATÓRIO;1
105852990;101669220;2054918;OPTATIVO;0
112438833;101669220;55095;OPTATIVO;0
101669273;101669220;52672;OPTATIVO;6
101669230;101669220;55023;OBRIGATÓRIO;3
102264920;101668583;23538;OPTATIVO;0
105853122;101668583;2054950;OPTATIVO;0
102264925;101668583;52973;OPTATIVO;0
105853113;101668583;2054919;OPTATIVO;0
105853116;101668583;2054910;OPTATIVO;0
101668654;101668583;52795;OPTATIVO;0
101668584;101668583;55019;OBRIGATÓRIO;1
101668587;101668583;55082;OBRIGATÓRIO;1
105853127;101668583;2054956;OPTATIVO;0
112438655;101668583;52694;OPTATIVO;0
115630906;101668583;61122;OPTATIVO;0
119242716;101668583;62381;OPTATIVO;0
101668607;101668583;52690;OPTATIVO;0
101668635;101668583;55028;OBRIGATÓRIO;5
115627974;101668583;61132;OPTATIVO;0
111414578;101668583;59732;OPTATIVO;0
119356703;101668583;62382;OPTATIVO;0
121664947;101668583;63933;OPTATIVO;0
101668592;101668583;52665;OBRIGATÓRIO;2
112438653;101668583;55369;OPTATIVO;0
101668645;101668583;55085;OPTATIVO;0
111414587;101668583;26917;OPTATIVO;0
101668642;101668583;52794;OPTATIVO;0
101668655;101668583;55041;OBRIGATÓRIO;6
101668644;101668583;55058;OPTATIVO;0
111414581;101668583;59734;OPTATIVO;0
102264932;101668583;2041507;OPTATIVO;0
101668631;101668583;55060;OPTATIVO;0
105853106;101668583;52813;OPTATIVO;0
115630890;101668583;61113;OPTATIVO;0
125292770;101668583;64877;OPTATIVO;0
101668600;101668583;55049;OPTATIVO;0
121428082;101668583;2054925;OPTATIVO;0
105853108;101668583;2054921;OPTATIVO;0
101668647;101668583;55037;OBRIGATÓRIO;5
102264922;101668583;52866;OPTATIVO;0
115630915;101668583;61103;OPTATIVO;0
115630908;101668583;61096;OPTATIVO;0
105853124;101668583;2054951;OPTATIVO;0
101668634;101668583;52666;OBRIGATÓRIO;5
125078819;101668583;65102;OPTATIVO;0
101668586;101668583;55031;OBRIGATÓRIO;1
105853105;101668583;2054927;OPTATIVO;0
102264933;101668583;46256;OPTATIVO;0
111414588;101668583;26918;OPTATIVO;0
101668662;101668583;52796;OPTATIVO;0
105853117;101668583;26915;OPTATIVO;0
115690192;101668583;55370;OPTATIVO;0
105853114;101668583;2054922;OPTATIVO;0
105853120;101668583;2054931;OPTATIVO;0
101668622;101668583;55027;OBRIGATÓRIO;4
101668643;101668583;55057;OPTATIVO;0
101668632;101668583;55084;OPTATIVO;0
112438652;101668583;42157;OPTATIVO;0
125078817;101668583;55062;OPTATIVO;0
113235574;101668583;26528;OPTATIVO;0
111414595;101668583;2054953;OPTATIVO;0
101668661;101668583;52791;OPTATIVO;0
101668616;101668583;55055;OPTATIVO;0
101668613;101668583;52700;OPTATIVO;0
115630909;101668583;61097;OPTATIVO;0
125078818;101668583;65101;OPTATIVO;0
111414582;101668583;59735;OPTATIVO;0
125078816;101668583;55061;OPTATIVO;0
119658372;101668583;21764;OPTATIVO;0
115630920;101668583;61108;OPTATIVO;0
125078821;101668583;65104;OPTATIVO;0
101668650;101668583;55046;OPTATIVO;0
101668641;101668583;55053;OPTATIVO;0
112438651;101668583;2054957;OPTATIVO;0
105853123;101668583;2054955;OPTATIVO;0
102264930;101668583;43193;OPTATIVO;0
115630899;101668583;61094;OPTATIVO;0
101668649;101668583;55042;OPTATIVO;0
101668638;101668583;52788;OPTATIVO;0
101668617;101668583;55059;OPTATIVO;0
121664948;101668583;63932;OPTATIVO;0
101668637;101668583;52790;OPTATIVO;0
115630912;101668583;61100;OPTATIVO;0
112438654;101668583;52971;OPTATIVO;0
121664952;101668583;63936;OPTATIVO;0
115690193;101668583;40134;OPTATIVO;0
115630889;101668583;61112;OPTATIVO;0
113235573;101668583;53193;OPTATIVO;0
102264931;101668583;27733;OPTATIVO;0
115630919;101668583;61107;OPTATIVO;0
105853111;101668583;2054918;OPTATIVO;0
101668646;101668583;55039;OBRIGATÓRIO;5
115630895;101668583;61085;OPTATIVO;0
120655655;101668583;2054928;OPTATIVO;0
115630914;101668583;61102;OPTATIVO;0
111414592;101668583;26921;OPTATIVO;0
102264919;101668583;55325;OPTATIVO;0
102264934;101668583;23557;OPTATIVO;0
101668651;101668583;52792;OPTATIVO;0
123540410;101668583;20033;OPTATIVO;0
115630884;101668583;61129;OPTATIVO;0
101668664;101668583;55043;OBRIGATÓRIO;7
101668660;101668583;55048;OPTATIVO;0
105853107;101668583;26931;OPTATIVO;0
101668653;101668583;52682;OPTATIVO;0
101668585;101668583;55020;OBRIGATÓRIO;1
101668601;101668583;55050;OPTATIVO;0
101668614;101668583;52702;OPTATIVO;0
101668658;101668583;55095;OBRIGATÓRIO;6
115630918;101668583;61106;OPTATIVO;0
101668606;101668583;55083;OPTATIVO;0
101668594;101668583;55036;OBRIGATÓRIO;3
105853112;101668583;52811;OPTATIVO;0
105853119;101668583;2054930;OPTATIVO;0
101668604;101668583;52683;OPTATIVO;0
111414593;101668583;26922;OPTATIVO;0
101668602;101668583;55051;OPTATIVO;0
101668663;101668583;52672;OBRIGATÓRIO;7
115630907;101668583;61095;OPTATIVO;0
101668615;101668583;52996;OPTATIVO;0
101668608;101668583;52691;OPTATIVO;0
102264926;101668583;52974;OPTATIVO;0
102264929;101668583;52975;OPTATIVO;0
115630913;101668583;61101;OPTATIVO;0
115630916;101668583;61104;OPTATIVO;0
101668640;101668583;55052;OPTATIVO;0
115812642;101668583;2054929;OPTATIVO;0
101668609;101668583;52693;OPTATIVO;0
101668625;101668583;52687;OPTATIVO;0
115630902;101668583;61118;OPTATIVO;0
125292771;101668583;55940;OPTATIVO;0
101668621;101668583;55026;OBRIGATÓRIO;4
115630888;101668583;61111;OPTATIVO;0
115630903;101668583;61119;OPTATIVO;0
105853104;101668583;2054904;OPTATIVO;0
101668639;101668583;52793;OPTATIVO;0
101668611;101668583;52698;OPTATIVO;0
105853109;101668583;2054905;OPTATIVO;0
101668619;101668583;55040;OBRIGATÓRIO;4
115630893;101668583;61083;OPTATIVO;0
111414576;101668583;57806;OPTATIVO;0
104731271;101668583;56269;OPTATIVO;0
101668590;101668583;55021;OBRIGATÓRIO;2
115630900;101668583;61116;OPTATIVO;0
101668605;101668583;52684;OPTATIVO;0
115630896;101668583;61086;OPTATIVO;0
101668596;101668583;55024;OBRIGATÓRIO;3
101668628;101668583;55074;OPTATIVO;0
101668603;101668583;52685;OPTATIVO;0
123036914;101668583;55939;OPTATIVO;0
101668665;101668583;55096;OBRIGATÓRIO;7
111414594;101668583;26924;OPTATIVO;0
115630886;101668583;61109;OPTATIVO;0
115630898;101668583;61093;OPTATIVO;0
111414591;101668583;26920;OPTATIVO;0
111414583;101668583;59736;OPTATIVO;0
123540243;101668583;25561;OPTATIVO;0
101668624;101668583;52686;OPTATIVO;0
102264923;101668583;52972;OPTATIVO;0
101668620;101668583;55038;OBRIGATÓRIO;4
101668610;101668583;52697;OPTATIVO;0
115630901;101668583;61117;OPTATIVO;0
101668626;101668583;52688;OPTATIVO;0
121664949;101668583;63937;OPTATIVO;0
105853125;101668583;2054952;OPTATIVO;0
115630897;101668583;61087;OPTATIVO;0
101668593;101668583;52536;OBRIGATÓRIO;3
102264927;101668583;23553;OPTATIVO;0
125078820;101668583;65103;OPTATIVO;0
101668618;101668583;52658;OBRIGATÓRIO;4
115630891;101668583;61114;OPTATIVO;0
101668652;101668583;52789;OPTATIVO;0
121664951;101668583;63935;OPTATIVO;0
115690190;101668583;21787;OPTATIVO;0
101668588;101668583;52650;OBRIGATÓRIO;2
111414584;101668583;59737;OPTATIVO;0
111414585;101668583;59739;OPTATIVO;0
101668633;101668583;52664;OBRIGATÓRIO;4
101668612;101668583;52699;OPTATIVO;0
105853126;101668583;2054954;OPTATIVO;0
115630887;101668583;61110;OPTATIVO;0
101668648;101668583;55094;OBRIGATÓRIO;5
115630885;101668583;61130;OPTATIVO;0
102264921;101668583;23558;OPTATIVO;0
115630917;101668583;61105;OPTATIVO;0
101668599;101668583;55045;OPTATIVO;0
111414590;101668583;26919;OPTATIVO;0
115630904;101668583;61120;OPTATIVO;0
113235575;101668583;59634;OPTATIVO;0
101668597;101668583;55025;OBRIGATÓRIO;3
105853121;101668583;2054932;OPTATIVO;0
105853110;101668583;21717;OPTATIVO;0
115630910;101668583;61098;OPTATIVO;0
102264928;101668583;21783;OPTATIVO;0
115630911;101668583;61099;OPTATIVO;0
101668591;101668583;55022;OBRIGATÓRIO;2
105853103;101668583;2054917;OPTATIVO;0
101668657;101668583;52673;OBRIGATÓRIO;6
111414586;101668583;26916;OPTATIVO;0
111414580;101668583;59738;OPTATIVO;0
101668589;101668583;52662;OBRIGATÓRIO;2
121664950;101668583;63934;OPTATIVO;0
115690191;101668583;52990;OPTATIVO;0
115630894;101668583;61084;OPTATIVO;0
111414589;101668583;26923;OPTATIVO;0
115690194;101668583;2040950;OPTATIVO;0
115630892;101668583;61115;OPTATIVO;0
101668656;101668583;55044;OBRIGATÓRIO;6
101668630;101668583;55056;OPTATIVO;0
101668595;101668583;55023;OBRIGATÓRIO;3
119242715;101668583;51457;OPTATIVO;0
105853118;101668583;26929;OPTATIVO;0
111414577;101668583;57807;OPTATIVO;0
101668629;101668583;52692;OPTATIVO;0
111414579;101668583;59733;OPTATIVO;0
101668623;101668583;52681;OPTATIVO;0
115630905;101668583;61121;OPTATIVO;0
101668627;101668583;55054;OPTATIVO;0
105852648;101659860;2054957;OPTATIVO;0
101659906;101659860;55022;OBRIGATÓRIO;2
120655440;101659860;2054928;OPTATIVO;0
113235433;101659860;26528;OPTATIVO;0
115627964;101659860;61132;OPTATIVO;0
115630464;101659860;61096;OPTATIVO;0
101668224;101659860;52687;OPTATIVO;0
105852649;101659860;2054910;OPTATIVO;0
101668199;101659860;55029;OPTATIVO;0
105852647;101659860;55369;OPTATIVO;0
102264612;101659860;52973;OPTATIVO;0
101668203;101659860;52690;OPTATIVO;0
115677153;101659860;21787;OPTATIVO;0
105852670;101659860;2054954;OPTATIVO;0
115630465;101659860;61097;OPTATIVO;0
101668229;101659860;52790;OPTATIVO;0
101668222;101659860;55038;OPTATIVO;0
123037091;101659860;55939;OPTATIVO;0
125078669;101659860;65104;OPTATIVO;0
102264621;101659860;23557;OPTATIVO;0
101668247;101659860;55042;OPTATIVO;0
101668240;101659860;55053;OPTATIVO;0
101668202;101659860;55037;OPTATIVO;0
105852656;101659860;26923;OPTATIVO;0
115630441;101659860;61130;OPTATIVO;0
105852661;101659860;26924;OPTATIVO;0
112438552;101659860;40134;OPTATIVO;0
101659901;101659860;55019;OBRIGATÓRIO;1
105852658;101659860;26920;OPTATIVO;0
115630440;101659860;61129;OPTATIVO;0
105852657;101659860;26919;OPTATIVO;0
115630456;101659860;61116;OPTATIVO;0
101668196;101659860;52685;OPTATIVO;0
101659905;101659860;52650;OBRIGATÓRIO;2
101668213;101659860;55040;OPTATIVO;0
101668195;101659860;55059;OPTATIVO;0
105852666;101659860;2054955;OPTATIVO;0
111304096;101659860;59738;OPTATIVO;0
111304089;101659860;57807;OPTATIVO;0
115630453;101659860;61087;OPTATIVO;0
115630468;101659860;61100;OPTATIVO;0
101659900;101659860;55082;OBRIGATÓRIO;1
101668424;101659860;55050;OPTATIVO;0
125078666;101659860;65101;OPTATIVO;0
121664806;101659860;63936;OPTATIVO;0
112438553;101659860;52971;OPTATIVO;0
115630447;101659860;61114;OPTATIVO;0
101668238;101659860;55028;OPTATIVO;0
118878528;101659860;62887;OPTATIVO;0
101668231;101659860;52793;OPTATIVO;0
101659907;101659860;52665;OBRIGATÓRIO;2
105852669;101659860;2054953;OPTATIVO;0
111304090;101659860;59732;OPTATIVO;0
101668232;101659860;52794;OPTATIVO;0
101659908;101659860;55023;OBRIGATÓRIO;3
105852653;101659860;26916;OPTATIVO;0
111304088;101659860;57806;OPTATIVO;0
101668250;101659860;52791;OPTATIVO;0
115630472;101659860;61104;OPTATIVO;0
102264619;101659860;2041507;OPTATIVO;0
104731126;101659860;56269;OPTATIVO;0
115630467;101659860;61099;OPTATIVO;0
101668248;101659860;52672;OPTATIVO;0
101668252;101659860;52796;OPTATIVO;0
115630445;101659860;61112;OPTATIVO;0
101668200;101659860;55041;OPTATIVO;0
115630442;101659860;61109;OPTATIVO;0
105852671;101659860;2054956;OPTATIVO;0
115630443;101659860;61110;OPTATIVO;0
102264618;101659860;27733;OPTATIVO;0
105852636;101659860;2054917;OPTATIVO;0
105852645;101659860;2054919;OPTATIVO;0
125078668;101659860;65103;OPTATIVO;0
102264608;101659860;23558;OPTATIVO;0
102264606;101659860;55325;OPTATIVO;0
101668187;101659860;52697;OPTATIVO;0
121664801;101659860;63932;OPTATIVO;0
105852655;101659860;26918;OPTATIVO;0
101668217;101659860;52688;OPTATIVO;0
115630476;101659860;61108;OPTATIVO;0
101668190;101659860;55045;OPTATIVO;0
101659909;101659860;55024;OBRIGATÓRIO;3
105852642;101659860;21717;OPTATIVO;0
111304094;101659860;59736;OPTATIVO;0
101668216;101659860;52686;OPTATIVO;0
111304095;101659860;59737;OPTATIVO;0
115630449;101659860;61083;OPTATIVO;0
101668251;101659860;55048;OPTATIVO;0
102264609;101659860;52866;OPTATIVO;0
101668235;101659860;52673;OPTATIVO;0
101668225;101659860;55074;OPTATIVO;0
105852664;101659860;2054932;OPTATIVO;0
101668193;101659860;52683;OPTATIVO;0
101668215;101659860;55054;OPTATIVO;0
101668198;101659860;52698;OPTATIVO;0
105852654;101659860;26917;OPTATIVO;0
101668221;101659860;55047;OPTATIVO;0
101668194;101659860;52700;OPTATIVO;0
105852660;101659860;26922;OPTATIVO;0
111304091;101659860;59733;OPTATIVO;0
115677154;101659860;55370;OPTATIVO;0
105852668;101659860;2054952;OPTATIVO;0
115630450;101659860;61084;OPTATIVO;0
113235434;101659860;53193;OPTATIVO;0
101668191;101659860;52693;OPTATIVO;0
101659902;101659860;55020;OBRIGATÓRIO;1
102264620;101659860;46256;OPTATIVO;0
105852640;101659860;2054921;OPTATIVO;0
115630444;101659860;61111;OPTATIVO;0
101668233;101659860;55058;OPTATIVO;0
115630474;101659860;61106;OPTATIVO;0
101668244;101659860;52792;OPTATIVO;0
111304092;101659860;59734;OPTATIVO;0
125292616;101659860;64877;OPTATIVO;0
115630448;101659860;61115;OPTATIVO;0
101668234;101659860;55085;OPTATIVO;0
115677152;101659860;52990;OPTATIVO;0
115630461;101659860;61121;OPTATIVO;0
101668214;101659860;55056;OPTATIVO;0
105852667;101659860;2054951;OPTATIVO;0
112438554;101659860;26908;OPTATIVO;0
121428115;101659860;2054925;OPTATIVO;0
119242683;101659860;51457;OPTATIVO;0
121664805;101659860;63935;OPTATIVO;0
115630473;101659860;61105;OPTATIVO;0
101668204;101659860;52684;OPTATIVO;0
101668242;101659860;52789;OPTATIVO;0
101668245;101659860;52795;OPTATIVO;0
101668237;101659860;55030;OPTATIVO;0
102264607;101659860;23538;OPTATIVO;0
101668207;101659860;55036;OPTATIVO;0
101668425;101659860;52702;OPTATIVO;0
101668189;101659860;52536;OPTATIVO;0
115630475;101659860;61107;OPTATIVO;0
119356692;101659860;62382;OPTATIVO;0
115630454;101659860;61093;OPTATIVO;0
101668201;101659860;52691;OPTATIVO;0
121664804;101659860;63934;OPTATIVO;0
105852663;101659860;2054931;OPTATIVO;0
125078664;101659860;55061;OPTATIVO;0
123540194;101659860;25561;OPTATIVO;0
101668197;101659860;55055;OPTATIVO;0
102264616;101659860;52975;OPTATIVO;0
101668218;101659860;52681;OPTATIVO;0
102264614;101659860;23553;OPTATIVO;0
115630470;101659860;61102;OPTATIVO;0
119242684;101659860;62381;OPTATIVO;0
105852646;101659860;2054922;OPTATIVO;0
105852643;101659860;2054918;OPTATIVO;0
115630469;101659860;61101;OPTATIVO;0
101668219;101659860;55060;OPTATIVO;0
102264615;101659860;21783;OPTATIVO;0
112438551;101659860;26931;OPTATIVO;0
115630460;101659860;61120;OPTATIVO;0
119658296;101659860;21764;OPTATIVO;0
112438556;101659860;55095;OPTATIVO;0
115630462;101659860;61122;OPTATIVO;0
118878527;101659860;62886;OPTATIVO;0
101668208;101659860;55051;OPTATIVO;0
112438557;101659860;55096;OPTATIVO;0
105852637;101659860;2054904;OPTATIVO;0
101668226;101659860;55039;OPTATIVO;0
125292615;101659860;55940;OPTATIVO;0
101668243;101659860;55044;OPTATIVO;0
121664802;101659860;63933;OPTATIVO;0
102264610;101659860;52972;OPTATIVO;0
115813383;101659860;2054929;OPTATIVO;0
118878529;101659860;62888;OPTATIVO;0
101668206;101659860;55043;OPTATIVO;0
101668192;101659860;55083;OPTATIVO;0
115630451;101659860;61085;OPTATIVO;0
101668230;101659860;55052;OPTATIVO;0
102264617;101659860;43193;OPTATIVO;0
105852638;101659860;2054927;OPTATIVO;0
115630446;101659860;61113;OPTATIVO;0
105852652;101659860;26915;OPTATIVO;0
101659904;101659860;55021;OBRIGATÓRIO;2
105852639;101659860;52813;OPTATIVO;0
101659912;101659860;55026;OBRIGATÓRIO;4
101668426;101659860;52996;OPTATIVO;0
105852659;101659860;26921;OPTATIVO;0
101668227;101659860;55084;OPTATIVO;0
101659903;101659860;55031;OBRIGATÓRIO;1
105852644;101659860;52811;OPTATIVO;0
115630459;101659860;61119;OPTATIVO;0
105852665;101659860;2054950;OPTATIVO;0
101659913;101659860;55027;OBRIGATÓRIO;4
101659910;101659860;55025;OBRIGATÓRIO;3
121664803;101659860;63937;OPTATIVO;0
112438550;101659860;2040950;OPTATIVO;0
102264613;101659860;52974;OPTATIVO;0
115630466;101659860;61098;OPTATIVO;0
105852641;101659860;2054905;OPTATIVO;0
125078667;101659860;65102;OPTATIVO;0
125078665;101659860;55062;OPTATIVO;0
101659914;101659860;52664;OBRIGATÓRIO;5
111304093;101659860;59735;OPTATIVO;0
101668246;101659860;52682;OPTATIVO;0
115630457;101659860;61117;OPTATIVO;0
101659911;101659860;52662;OBRIGATÓRIO;4
115630463;101659860;61095;OPTATIVO;0
123540341;101659860;20033;OPTATIVO;0
101668241;101659860;55046;OPTATIVO;0
101668223;101659860;52692;OPTATIVO;0
105852662;101659860;2054930;OPTATIVO;0
101668205;101659860;52694;OPTATIVO;0
113235435;101659860;59634;OPTATIVO;0
115630455;101659860;61094;OPTATIVO;0
115630452;101659860;61086;OPTATIVO;0
111304097;101659860;59739;OPTATIVO;0
101668423;101659860;55049;OPTATIVO;0
101668228;101659860;55057;OPTATIVO;0
115630471;101659860;61103;OPTATIVO;0
101668188;101659860;52699;OPTATIVO;0
112438549;101659860;42157;OPTATIVO;0
112438555;101659860;55094;OPTATIVO;0
101668236;101659860;52788;OPTATIVO;0
115630458;101659860;61118;OPTATIVO;0
123540143;101658777;25561;OPTATIVO;0
101667709;101658777;52690;OPTATIVO;0
115821864;101658777;2054929;OPTATIVO;0
112695760;101658777;2054922;OPTATIVO;0
111304728;101658777;59737;OPTATIVO;0
102264326;101658777;43193;OPTATIVO;0
105764691;101658777;2054930;OPTATIVO;0
102264327;101658777;27733;OPTATIVO;0
105764684;101658777;26918;OPTATIVO;0
101659804;101658777;55020;OBRIGATÓRIO;1
101667943;101658777;52792;OPTATIVO;0
112695761;101658777;2054927;OPTATIVO;0
111304730;101658777;59739;OPTATIVO;0
105764686;101658777;26919;OPTATIVO;0
125078415;101658777;55061;OPTATIVO;0
101659806;101658777;55021;OBRIGATÓRIO;2
101659811;101658777;55024;OBRIGATÓRIO;3
101667707;101658777;52684;OPTATIVO;0
115630313;101658777;61097;OPTATIVO;0
115630309;101658777;61121;OPTATIVO;0
115630324;101658777;61108;OPTATIVO;0
115630307;101658777;61119;OPTATIVO;0
115630314;101658777;61098;OPTATIVO;0
101667716;101658777;52702;OPTATIVO;0
101659837;101658777;55027;OBRIGATÓRIO;4
101667928;101658777;55057;OPTATIVO;0
101667949;101658777;55048;OPTATIVO;0
105764670;101658777;26931;OPTATIVO;0
105764675;101658777;2054919;OPTATIVO;0
115630315;101658777;61099;OPTATIVO;0
101659809;101658777;52662;OBRIGATÓRIO;2
102264320;101658777;52974;OPTATIVO;0
101667934;101658777;55085;OPTATIVO;0
101667777;101658777;55054;OPTATIVO;0
112438358;101658777;52694;OPTATIVO;0
115630290;101658777;61109;OPTATIVO;0
125078418;101658777;65102;OPTATIVO;0
101667697;101658777;55029;OPTATIVO;0
101667931;101658777;52793;OPTATIVO;0
101667947;101658777;52672;OPTATIVO;0
115630316;101658777;61100;OPTATIVO;0
102264319;101658777;52973;OPTATIVO;0
115690618;101658777;55370;OPTATIVO;0
123036940;101658777;55939;OPTATIVO;0
115630289;101658777;61130;OPTATIVO;0
101659835;101658777;52664;OBRIGATÓRIO;3
101667937;101658777;55030;OPTATIVO;0
118878575;101658777;62888;OPTATIVO;0
102264328;101658777;2041507;OPTATIVO;0
101667784;101658777;52687;OPTATIVO;0
115630306;101658777;61118;OPTATIVO;0
102264314;101658777;23538;OPTATIVO;0
115630317;101658777;61101;OPTATIVO;0
101667950;101658777;52796;OPTATIVO;0
102264322;101658777;21783;OPTATIVO;0
113235391;101658777;53193;OPTATIVO;0
101659810;101658777;55023;OBRIGATÓRIO;3
101667704;101658777;55050;OPTATIVO;0
115690617;101658777;21787;OPTATIVO;0
111304727;101658777;59736;OPTATIVO;0
101667699;101658777;55037;OPTATIVO;0
101667708;101658777;55083;OPTATIVO;0
101667946;101658777;55042;OPTATIVO;0
101659836;101658777;55026;OBRIGATÓRIO;4
101667935;101658777;52673;OPTATIVO;0
112438356;101658777;55095;OPTATIVO;0
111304722;101658777;57807;OPTATIVO;0
115630294;101658777;61113;OPTATIVO;0
105764689;101658777;26922;OPTATIVO;0
101667787;101658777;55084;OPTATIVO;0
115630305;101658777;61117;OPTATIVO;0
112438359;101658777;42157;OPTATIVO;0
101659807;101658777;52650;OBRIGATÓRIO;2
102264317;101658777;52972;OPTATIVO;0
121428112;101658777;2054925;OPTATIVO;0
101667936;101658777;52788;OPTATIVO;0
105764683;101658777;26917;OPTATIVO;0
102264324;101658777;40134;OPTATIVO;0
105764690;101658777;26924;OPTATIVO;0
115630321;101658777;61105;OPTATIVO;0
101667929;101658777;52790;OPTATIVO;0
101667713;101658777;52698;OPTATIVO;0
125078416;101658777;55062;OPTATIVO;0
115630311;101658777;61095;OPTATIVO;0
121664711;101658777;63935;OPTATIVO;0
102264313;101658777;55325;OPTATIVO;0
101667945;101658777;52682;OPTATIVO;0
115630304;101658777;61116;OPTATIVO;0
125078417;101658777;65101;OPTATIVO;0
115630319;101658777;61103;OPTATIVO;0
115630293;101658777;61112;OPTATIVO;0
101667930;101658777;55052;OPTATIVO;0
112695758;101658777;2054917;OPTATIVO;0
118878573;101658777;62886;OPTATIVO;0
115630288;101658777;61129;OPTATIVO;0
101659802;101658777;55082;OBRIGATÓRIO;1
101667932;101658777;52794;OPTATIVO;0
105764688;101658777;26921;OPTATIVO;0
101667785;101658777;55074;OPTATIVO;0
101667710;101658777;52691;OPTATIVO;0
101667778;101658777;52686;OPTATIVO;0
101667743;101658777;55040;OPTATIVO;0
101667703;101658777;55049;OPTATIVO;0
101667933;101658777;55058;OPTATIVO;0
123540306;101658777;20033;OPTATIVO;0
101667941;101658777;55046;OPTATIVO;0
102264321;101658777;23553;OPTATIVO;0
101667744;101658777;55038;OPTATIVO;0
115630308;101658777;61120;OPTATIVO;0
102264316;101658777;52866;OPTATIVO;0
115630310;101658777;61122;OPTATIVO;0
121664712;101658777;63936;OPTATIVO;0
102264329;101658777;46256;OPTATIVO;0
115630318;101658777;61102;OPTATIVO;0
115630322;101658777;61106;OPTATIVO;0
112438357;101658777;55096;OPTATIVO;0
102264315;101658777;23558;OPTATIVO;0
115630320;101658777;61104;OPTATIVO;0
118878574;101658777;62887;OPTATIVO;0
101667705;101658777;52685;OPTATIVO;0
115630302;101658777;61093;OPTATIVO;0
115630300;101658777;61086;OPTATIVO;0
101667944;101658777;52795;OPTATIVO;0
105764695;101658777;2054955;OPTATIVO;0
105764667;101658777;2054904;OPTATIVO;0
111304726;101658777;59735;OPTATIVO;0
115630298;101658777;61084;OPTATIVO;0
101667940;101658777;55053;OPTATIVO;0
115548051;101658777;51457;OPTATIVO;0
119242627;101658777;62381;OPTATIVO;0
102264323;101658777;52975;OPTATIVO;0
101667994;101658777;55051;OPTATIVO;0
101667938;101658777;55028;OPTATIVO;0
125292590;101658777;55940;OPTATIVO;0
113235390;101658777;26528;OPTATIVO;0
115630292;101658777;61111;OPTATIVO;0
105764696;101658777;2054951;OPTATIVO;0
101667783;101658777;52692;OPTATIVO;0
111304729;101658777;59738;OPTATIVO;0
115630312;101658777;61096;OPTATIVO;0
101667717;101658777;52996;OPTATIVO;0
105764693;101658777;2054932;OPTATIVO;0
105764694;101658777;2054950;OPTATIVO;0
101659803;101658777;55019;OBRIGATÓRIO;1
105764678;101658777;2054910;OPTATIVO;0
101667942;101658777;52789;OPTATIVO;0
101667700;101658777;55041;OPTATIVO;0
104731121;101658777;56269;OPTATIVO;0
101667776;101658777;55056;OPTATIVO;0
102264318;101658777;52971;OPTATIVO;0
115630323;101658777;61107;OPTATIVO;0
101659805;101658777;55031;OBRIGATÓRIO;1
105764685;101658777;26923;OPTATIVO;0
105764677;101658777;2054957;OPTATIVO;0
101667718;101658777;55055;OPTATIVO;0
115630296;101658777;61115;OPTATIVO;0
105764669;101658777;52813;OPTATIVO;0
101667782;101658777;55044;OPTATIVO;0
105764682;101658777;26916;OPTATIVO;0
111304724;101658777;59733;OPTATIVO;0
121664707;101658777;63932;OPTATIVO;0
115630303;101658777;61094;OPTATIVO;0
101667711;101658777;52693;OPTATIVO;0
102264330;101658777;23557;OPTATIVO;0
121664708;101658777;63933;OPTATIVO;0
119356684;101658777;62382;OPTATIVO;0
105764697;101658777;2054952;OPTATIVO;0
101659834;101658777;55025;OBRIGATÓRIO;3
101667715;101658777;52700;OPTATIVO;0
105764699;101658777;2054954;OPTATIVO;0
101667948;101658777;52791;OPTATIVO;0
101667696;101658777;52536;OPTATIVO;0
113235392;101658777;59634;OPTATIVO;0
101667786;101658777;55039;OPTATIVO;0
115630295;101658777;61114;OPTATIVO;0
105764687;101658777;26920;OPTATIVO;0
105764681;101658777;26915;OPTATIVO;0
115627951;101658777;61132;OPTATIVO;0
101659808;101658777;52665;OBRIGATÓRIO;2
111304721;101658777;57806;OPTATIVO;0
125292589;101658777;64877;OPTATIVO;0
119658290;101658777;21764;OPTATIVO;0
102264325;101658777;2040950;OPTATIVO;0
120655401;101658777;2054928;OPTATIVO;0
105764698;101658777;2054953;OPTATIVO;0
101667702;101658777;55045;OPTATIVO;0
101667719;101658777;55059;OPTATIVO;0
101667698;101658777;55036;OPTATIVO;0
105764700;101658777;2054956;OPTATIVO;0
125078420;101658777;65104;OPTATIVO;0
101667714;101658777;52699;OPTATIVO;0
121664710;101658777;63934;OPTATIVO;0
115630297;101658777;61083;OPTATIVO;0
101667780;101658777;52681;OPTATIVO;0
105764692;101658777;2054931;OPTATIVO;0
101667706;101658777;52683;OPTATIVO;0
111304725;101658777;59734;OPTATIVO;0
121664709;101658777;63937;OPTATIVO;0
105764672;101658777;21717;OPTATIVO;0
101667779;101658777;52688;OPTATIVO;0
101659833;101658777;55022;OBRIGATÓRIO;2
115630291;101658777;61110;OPTATIVO;0
105764674;101658777;52811;OPTATIVO;0
101667781;101658777;55060;OPTATIVO;0
115630301;101658777;61087;OPTATIVO;0
115630299;101658777;61085;OPTATIVO;0
105764680;101658777;26908;OPTATIVO;0
112695759;101658777;2054921;OPTATIVO;0
105764671;101658777;2054905;OPTATIVO;0
112438355;101658777;55094;OPTATIVO;0
105764673;101658777;2054918;OPTATIVO;0
125078419;101658777;65103;OPTATIVO;0
111304723;101658777;59732;OPTATIVO;0
101667701;101658777;55043;OPTATIVO;0
115690616;101658777;52990;OPTATIVO;0
105764676;101658777;55369;OPTATIVO;0
112438354;101658777;55047;OPTATIVO;0
101667712;101658777;52697;OPTATIVO;0
